zip3,n_apps,observed_declines,expected_declines,var,observed_rate,expected_rate,excess_rate_pp,z,flagged
331,5797,2487.0,2324.0606361154337,330.2642929359418,0.42901500776263585,0.4009074756107355,2.8107532151900374,8.965927145745084,True
330,5124,2217.0,2112.1028968584737,293.39941092997935,0.43266978922716626,0.4121980673025905,2.047172192457575,6.123981584007232,True
785,1819,999.0,942.8364621043968,97.12614060968659,0.5492028587135789,0.5183268070942258,3.087605161935303,5.6988390478271045,True
967,2601,1200.0,1143.2250214511803,144.2107213357443,0.461361014994233,0.43953288021960024,2.1828134774632746,4.727790288482471,True
922,1889,786.0,741.2785051196752,103.61394524146971,0.41609317098994175,0.3924184780940578,2.3674692895883975,4.393465362742699,True
799,1810,899.0,856.9425613560873,94.9401846413044,0.4966850828729282,0.47344892892601503,2.323615394691314,4.316361240065602,True
082,654,288.0,263.45609791302405,32.85313213395023,0.44036697247706424,0.4028380702034007,3.7528902273663567,4.282084365906108,True
113,3204,1151.0,1092.1403383103968,196.77363757457826,0.35923845193508114,0.34086777100823873,1.8370680926842409,4.195988647425995,True
302,2721,1345.0,1296.79120336935,132.8085426282769,0.49430356486585814,0.47658625629156554,1.77173085742926,4.183244853460291,True
490,1142,558.0,528.0078518607355,58.52972497495469,0.4886164623467601,0.4623536356048472,2.6262826741912884,3.9203002548911354,True
902,2642,1007.0,959.9266960880136,148.60259820691604,0.38115064345193034,0.36333334446934656,1.7817298982583774,3.8615483734371567,True
128,589,285.0,262.8323028655444,35.71577144602597,0.4838709677419355,0.4462348096189209,3.7636158123014574,3.7092880612468977,True
285,962,524.0,500.4728679271115,45.89268045375742,0.5446985446985447,0.5202420664522989,2.445647824624586,3.4729399840842388,True
115,1749,650.0,615.6711243179175,97.92607337625799,0.3716409376786735,0.3520132214510677,1.9627716227605785,3.469048803249985,True
272,1141,535.0,507.2079185205124,65.4985487075492,0.4688869412795793,0.44452928879974796,2.435765247983135,3.4340391002621113,True
283,1721,857.0,824.9313938986222,88.14962136551596,0.4979662986635677,0.4793325937818839,1.8633704881683755,3.4156224361576086,True
114,2754,1154.0,1111.2386537591608,158.06551191030914,0.4190268700072622,0.4034998742771099,1.552699573015226,3.4012049965831306,True
912,569,222.0,202.79975824377055,32.421626299715776,0.39015817223198596,0.35641433786251414,3.3743834369471815,3.3720134577637033,True
333,2439,985.0,945.2305185683905,143.57711314042433,0.40385403854038543,0.38754838809692105,1.6305650443464381,3.319000514040789,True
104,4928,2077.0,2023.1065331388656,272.8772595137709,0.42146915584415584,0.4105329815622698,1.0936174281886035,3.2625144913697706,True
083,599,276.0,258.2927338432687,29.677972162820105,0.4607679465776294,0.4312065673510329,2.9561379226596465,3.250381995023702,True
286,1071,524.0,500.63423203398384,58.93445606575085,0.4892623716153128,0.46744559480297276,2.1816776812340013,3.0436549751949094,True
010,1048,391.0,368.2163834766882,58.51256181250315,0.37309160305343514,0.35135151095103834,2.17400921023968,2.978503438755232,False
087,1028,401.0,379.18280097537894,58.932317204615984,0.39007782101167315,0.36885486476204177,2.1222956249631384,2.8419879654556035,False
321,1175,550.0,526.3439236144587,70.9362379101239,0.46808510638297873,0.44795227541656063,2.0132830966418105,2.808721235934926,False
324,684,344.0,326.8819879251683,37.24765652086733,0.5029239766081871,0.4778976431654507,2.5026333442736415,2.8048126113482432,False
245,733,382.0,364.3746683435641,39.545435041290546,0.5211459754433834,0.4971005025150943,2.404547292828907,2.8027807051785176,False
027,1296,527.0,502.764665323182,74.84373709491013,0.4066358024691358,0.38793569855183796,1.8700103917297817,2.8013752618367636,False
117,4183,1479.0,1436.7555984167736,227.79569596419728,0.3535739899593593,0.3434749219260755,1.009906803328381,2.798958152824018,False
119,690,273.0,255.7414227085537,39.815530534912696,0.39565217391304347,0.37063974305587494,2.5012430857168533,2.7351348196760914,False
968,1066,459.0,437.79031839087855,61.86686510248245,0.43058161350844276,0.41068510167999867,1.9896511828444097,2.6965289922086852,False
287,850,372.0,353.1356108723874,51.7892361762968,0.4376470588235294,0.41545365984986754,2.2193398973661846,2.621337819841843,False
018,1714,656.0,629.1080707242687,105.52761744770369,0.38273045507584597,0.3670408814027239,1.568957367312207,2.6178146507778512,False
906,1787,671.0,644.4358221858537,105.46974451794914,0.37548964745383323,0.3606244108482673,1.4865236605565935,2.5866188110540427,False
780,982,476.0,457.6703621174636,51.69796804974847,0.4847250509164969,0.4660594318915108,1.8665619024986146,2.5492777077604765,False
376,639,349.0,333.6871816243094,36.20901262927243,0.5461658841940532,0.5222021621663684,2.396372202768482,2.5447597689790618,False
190,2145,891.0,863.8905486093337,116.10621983797398,0.4153846153846154,0.4027461765078479,1.2638438876767522,2.51589774645134,False
913,3603,1305.0,1269.6115581040947,198.13625139943719,0.36219816819317235,0.352376230392477,0.9821937800695346,2.5140821848449986,False
313,617,330.0,315.61519258164486,33.543691813896594,0.5348460291734197,0.51153191666393,2.331411250948967,2.483697054974839,False
381,1352,728.0,708.5926762747196,62.045796915465665,0.5384615384615384,0.5241070090789346,1.4354529382603842,2.4638227822427297,False
914,796,323.0,306.99145417107377,42.6650809259702,0.4057788944723618,0.38566765599381125,2.0111238478550564,2.450843594503461,False
291,627,358.0,345.12220416010507,29.43462844808547,0.5709728867623605,0.5504341374164355,2.0538749345924923,2.373625814916882,False
456,608,302.0,288.2292123740995,33.71674233047693,0.4967105263157895,0.4740612045626637,2.2649321753125786,2.3715701593272227,False
482,1441,780.0,760.1510407084271,70.50888352494155,0.5412907702984039,0.5275163363694845,1.3774433928919416,2.363827724850547,False
910,707,267.0,252.01416879826567,40.35387283497439,0.37765205091937765,0.3564556842974055,2.119636662197216,2.359055866847363,False
273,687,300.0,285.53307697880507,38.07657280761974,0.4366812227074236,0.41562311059505835,2.1058112112365244,2.344483846582689,False
310,968,485.0,468.9226982388986,48.920443470089126,0.5010330578512396,0.4844242750401845,1.6608782811055156,2.2986241786351327,False
023,1179,460.0,441.07860266971534,71.56878014196747,0.39016115351993214,0.37411247045777385,1.6048683062158287,2.2366158492314536,False
183,542,241.0,229.36661307727496,29.078060621199697,0.4446494464944649,0.42318563298390216,2.1463813510562755,2.1573641323699833,False
900,5342,2218.0,2179.5630107657353,318.39022368978584,0.4152002995132909,0.4080050563020845,0.7195243211206404,2.154118051107935,False
366,574,316.0,304.57874694146074,30.23797169181247,0.5505226480836237,0.5306249946715343,1.9897653412089378,2.0770044459089387,False
923,2938,1208.0,1182.164972527923,156.87086458764205,0.4111640571817563,0.4023706509625334,0.8793406219222921,2.062708140896158,False
295,1243,671.0,654.5636749686879,63.53502412708846,0.5398230088495575,0.5265998994116556,1.3223109437901837,2.0620449177628646,False
436,634,327.0,315.1488915183506,33.11990270143087,0.5157728706624606,0.497080270533676,1.8692600128784598,2.059275475644439,False
365,796,379.0,366.2058884561208,40.52042018999938,0.47613065326633164,0.4600576488142221,1.6073004452109518,2.0098940410954453,False
952,1059,445.0,429.93979521162737,57.94473507035951,0.4202077431539188,0.4059865866021033,1.4221156551815495,1.978444567673061,False
712,541,289.0,279.0278154799504,26.717966634553555,0.5341959334565619,0.5157630600368769,1.8432873419685025,1.9292504235995225,False
234,1402,662.0,645.3882443997775,75.69386213966392,0.47218259629101283,0.46033398316674573,1.1848613124267104,1.9093484830719312,False
191,2741,1416.0,1394.2418146395373,141.79545891455524,0.5165997811017876,0.508661734636825,0.7938046464962656,1.827222822175789,False
975,553,236.0,225.7927590366874,32.84667211566638,0.4267631103074141,0.40830517004825934,1.845794025915476,1.7809949158189193,False
778,515,242.0,232.34702180865494,29.42400941400977,0.46990291262135925,0.4511592656478737,1.8743646973485573,1.7795508387836496,False
236,829,424.0,413.00368985176436,39.29649148594778,0.51145958986731,0.498195042040729,1.3264547826580986,1.7541635885523186,False
937,1027,479.0,466.2364130769501,54.00105592107272,0.4664070107108082,0.4539789806007304,1.2428030110077815,1.7368871989626353,False
360,598,282.0,272.6982786704301,30.83554876624695,0.47157190635451507,0.4560171884120905,1.5554717942424579,1.6750874446234778,False
765,1423,725.0,710.4835614647919,76.9190882926253,0.5094869992972593,0.49928570728376104,1.020129201349823,1.6551715604769004,False
704,846,379.0,368.2819591717888,42.185402519557286,0.44799054373522457,0.4353214647420671,1.2669078993157445,1.6501913579563645,False
448,612,281.0,271.512059885212,33.22865178805026,0.4591503267973856,0.443647156675183,1.5503170122202592,1.6459459686254092,False
290,908,440.0,428.9678035062452,46.46712993538938,0.4845814977973568,0.4724315016588604,1.2149996138496433,1.6184119032999909,False
925,3823,1523.0,1499.6947175144599,209.20917429687404,0.3983782369866597,0.3922821651881925,0.6096071798467217,1.6112540007570895,False
394,537,301.0,292.4998318626403,28.637998245041025,0.5605214152700186,0.5446924243252147,1.5828990944803945,1.5883865000964659,False
199,854,404.0,393.6745014363338,44.94846385916913,0.47306791569086654,0.4609771679582363,1.2090747732630247,1.540116606044264,False
378,888,449.0,438.20893857966223,49.343004147791916,0.5056306306306306,0.4934785344365566,1.2152096194074036,1.5362127699317527,False
030,929,340.0,328.7921515883651,53.91783235811592,0.36598493003229277,0.35392050763010235,1.2064422402190411,1.5263566964255564,False
373,895,444.0,433.5433008572655,47.69998460067666,0.4960893854748603,0.484405922745548,1.168346272931231,1.5140335305691028,False
110,584,213.0,204.78865354182355,30.90679754948451,0.3647260273972603,0.3506655026401088,1.4060524757151471,1.4770233901297303,False
344,908,429.0,418.6454584267134,50.09340675844334,0.4724669603524229,0.4610632802056315,1.140368014679144,1.462987421003243,False
080,3095,1178.0,1159.127457044688,171.61766244053052,0.38061389337641355,0.3745161412099154,0.609775216649816,1.4406199722846136,False
066,712,308.0,298.6355413457595,43.53146627652333,0.43258426966292135,0.4194319400923589,1.3152329570562449,1.419322307397562,False
720,974,489.0,479.0254334302105,50.91818985706647,0.502053388090349,0.4918125599899492,1.0240828100399835,1.3978402935256273,False
784,567,272.0,264.38525993305376,29.86105865533889,0.47971781305114636,0.46628793638986554,1.3429876661280815,1.3934855923360807,False
314,500,250.0,243.1007494210594,24.622360424915115,0.5,0.4862014988421188,1.3798501157881227,1.390391411810196,False
700,1365,614.0,602.54941754268,68.3902549465997,0.44981684981684983,0.4414281447199121,0.8388705096937732,1.3846195750743078,False
486,581,269.0,261.5767830525647,28.743661881525263,0.4629948364888124,0.45021821523677225,1.2776621252040155,1.3845897283920148,False
916,674,264.0,255.05606165165273,42.020994910398514,0.3916913946587537,0.378421456456458,1.3269938202295661,1.3797348419777735,False
320,1269,539.0,527.3994030134968,71.25919881688431,0.4247438928289992,0.4156023664408958,0.9141526388103394,1.3742314132220976,False
960,592,257.0,248.9357670825698,36.33629107194359,0.4341216216216216,0.42049960655839497,1.3622015063226633,1.3378048466853552,False
315,565,289.0,281.9239954385358,28.87950692465739,0.511504424778761,0.4989805229000634,1.2523901878697619,1.316719348047306,False
326,640,291.0,283.0662060102869,36.537718530126796,0.4546875,0.4422909468910733,1.2396553108926733,1.3125329245665949,False
329,1496,614.0,601.8006766168963,87.34730864880088,0.410427807486631,0.4022731795567489,0.8154627929882086,1.3053019290962318,False
377,503,267.0,260.11938310470714,27.830895401005506,0.5308151093439364,0.5171359505063761,1.3679158837560323,1.304258837020178,False
175,512,221.0,213.93728334282733,29.34223944011108,0.431640625,0.4178462565289596,1.3794368471040375,1.3038425660012913,False
107,767,285.0,276.4138784536803,43.592140018121825,0.37157757496740546,0.3603831531338726,1.1194421833532864,1.3004478386268845,False
935,1395,581.0,570.2899563994375,70.40362709833562,0.4164874551971326,0.4088100045874104,0.7677450609722192,1.2764203568068695,False
136,527,228.0,221.37343283759301,28.457966833279208,0.43263757115749524,0.4200634399195313,1.2574131237963915,1.242186112580762,False
622,879,377.0,368.6285925414528,48.13986893403329,0.42889647326507396,0.41937268776046965,0.952378550460431,1.2065519584976225,False
307,628,282.0,275.07542484190463,33.03433650428718,0.44904458598726116,0.438018192423415,1.102639356384616,1.204787184358534,False
173,684,308.0,300.7366828051213,36.400679002139775,0.4502923976608187,0.43967351287298434,1.0618884787834348,1.2038718738931284,False
086,615,246.0,239.2009852449083,32.35688689607122,0.4,0.38894469145513544,1.1055308544864584,1.1952606396053491,False
294,1677,816.0,804.7879062964023,88.84613030945809,0.4865831842576029,0.4798973800217068,0.6685804235896098,1.189508254748778,False
395,692,359.0,352.01004575508284,34.59317950365654,0.5187861271676301,0.5086850372183278,1.0101089949302255,1.188445013399459,False
339,1691,699.0,687.2372133035068,100.94199425895583,0.413364872856298,0.40640876008486504,0.6956112771432987,1.1707772676809618,False
105,1530,486.0,475.00872624755743,88.28629446088435,0.3176470588235294,0.31046321976964536,0.7183839053884034,1.1697724266671452,False
351,729,333.0,325.9930610379881,36.754435619031554,0.4567901234567901,0.44717841020300153,0.9611713253788567,1.1557754229848787,False
148,503,219.0,212.72810000182673,30.2050255532043,0.43538767395626243,0.4229186878763951,1.246898607986735,1.141194109829571,False
454,826,388.0,380.4935714871806,44.36677168583792,0.46973365617433416,0.46064597032346316,0.9087685850870997,1.1269494568680418,False
317,573,308.0,302.12557263513196,28.601790706153253,0.537521815008726,0.5272697602707364,1.0252054737989624,1.0984212498672246,False
125,1106,444.0,435.54995071917807,62.33218590443637,0.4014466546112116,0.39380646538804526,0.7640189223166338,1.070293931801939,False
953,2456,945.0,932.7403151845211,132.40673567624214,0.38477198697068404,0.37978025862561937,0.4991728345064672,1.0654283915477851,False
368,622,330.0,324.4110189327872,28.850222015861835,0.5305466237942122,0.521561123686153,0.8985500108059208,1.0405382720598126,False
927,844,338.0,330.5125556137169,52.27820250425912,0.4004739336492891,0.3916025540446883,0.8871379604600826,1.0355552774824806,False
435,578,235.0,229.45178483264695,29.757465593191455,0.40657439446366783,0.39697540628485634,0.9598988178811496,1.017080493744583,False
292,702,336.0,330.0511286567701,34.972882419936774,0.47863247863247865,0.470158302929872,0.8474175702606668,1.005932553060498,False
212,2801,1257.0,1244.5305392244547,155.31802650904785,0.44876829703677257,0.4443165081129792,0.4451788923793387,1.0005452662166894,False
751,1978,868.0,857.9815141580526,104.51375738592088,0.43882709807886755,0.43376214062591134,0.5064957452956209,0.9799758156569262,False
995,720,298.0,292.0462075191084,37.52567094940884,0.41388888888888886,0.40561973266542833,0.8269156223460528,0.9719176304423888,False
180,1240,502.0,493.8641402377796,70.74385568721786,0.40483870967741936,0.3982775324498223,0.6561177227597081,0.9672953299080624,False
120,891,360.0,353.2138982578455,49.46144489129723,0.40404040404040403,0.39642412823551687,0.7616275804887163,0.9649103550309998,False
103,1490,518.0,509.23075172883296,83.34260735650413,0.3476510067114094,0.3417656051871362,0.5885401524273193,0.9605695695166135,False
207,3174,1345.0,1332.800562121071,164.38232816559562,0.423755513547574,0.4199119603406021,0.3843553206971939,0.9515075886793749,False
349,1195,497.0,489.16020930370667,68.5482400412825,0.41589958158995816,0.40933908728343654,0.6560494306521614,0.9469047906649858,False
954,992,363.0,355.6422513489175,61.75980893799215,0.3659274193548387,0.3585103340210862,0.7417085333752516,0.9362503129449099,False
781,856,421.0,414.93269962034236,43.01378390519002,0.49182242990654207,0.48473446217329713,0.7087967733244938,0.9251063713881302,False
293,783,414.0,408.2411306751158,40.21406812137823,0.5287356321839081,0.5213807543743497,0.7354877809558347,0.908130411075697,False
238,836,379.0,373.2793237431497,42.838306787175206,0.4533492822966507,0.44650636811381544,0.684291418283528,0.8740398274332751,False
936,970,376.0,369.8817971943054,51.312106618289825,0.38762886597938145,0.38132144040650046,0.6307425572880998,0.8541102747411559,False
015,924,315.0,308.5783938142231,56.97219964212271,0.3409090909090909,0.3339593006647436,0.6949790244347276,0.8507700141904181,False
544,550,249.0,244.23817509285138,31.726707062472748,0.4527272727272727,0.44406940925972976,0.8657863467542937,0.8453974294302903,False
132,553,239.0,234.50633755072343,30.148172742867608,0.4321880650994575,0.4240620932201147,0.812597187934283,0.8184081561903258,False
933,1259,507.0,500.4410855647235,66.01243925254059,0.40270055599682286,0.3974909337289305,0.5209622267892344,0.8072704860718255,False
170,1084,475.0,468.63539570432926,62.448373225784024,0.4381918819188192,0.43232047574200116,0.5871406176818028,0.8053985489538973,False
754,755,344.0,339.0952626685961,38.92716377368656,0.4556291390728477,0.4491327982365511,0.6496340836296577,0.7861209548343501,False
224,629,238.0,233.23874364399552,37.19255404926112,0.3783783783783784,0.3708088134244762,0.7569564953902208,0.7807168703059435,False
630,1404,584.0,577.3062412128342,78.37468435253254,0.41595441595441596,0.4111867814906226,0.47676344637933576,0.7561050799507526,False
444,678,312.0,307.6557256898393,34.48037648202309,0.46017699115044247,0.4537695069171671,0.6407484233275362,0.7398288119491866,False
067,937,363.0,357.6556949189092,53.49818649030657,0.3874066168623266,0.3817029828376832,0.5703634024643356,0.7306707326477682,False
278,890,430.0,425.24393814030435,43.2223545023767,0.48314606741573035,0.47780217768573524,0.534388972999511,0.7234246188063795,False
484,829,352.0,347.2833817662219,44.40102602144229,0.42460796139927626,0.4189184339761422,0.5689527423134055,0.7078385684365552,False
770,5614,2546.0,2533.487030357542,313.78918726097754,0.4535090844317777,0.45128019778367334,0.22288866481043335,0.7063848947514826,False
974,933,375.0,369.6080292966641,59.1676405586106,0.40192926045016075,0.39615008499106547,0.5779175459095287,0.700979630677551,False
121,694,285.0,280.73511756124833,37.97857111084072,0.4106628242074928,0.40451746046289383,0.6145363744598953,0.6920504475861405,False
296,1873,879.0,872.1541301679952,102.6202191668138,0.46930058729311264,0.4656455580181501,0.3655029274962529,0.6757906336710202,False
061,643,282.0,278.09543320258814,33.38743132061267,0.4385692068429238,0.4324967856960935,0.6072421146830265,0.6757426849810058,False
306,783,349.0,344.6605613501383,41.907051668250574,0.44572158365261816,0.4401795164114155,0.5542067241202653,0.6703320725078122,False
350,1016,462.0,457.27141793838433,50.07851513833168,0.4547244094488189,0.45007029324644127,0.4654116202377656,0.6681980574020386,False
357,540,224.0,220.6747294845783,26.79465500918259,0.4148148148148148,0.4086569064529228,0.6157908361892006,0.642396101501117,False
934,1010,362.0,357.14004977605475,57.68385454313166,0.3584158415841584,0.35360400967926214,0.48118319048962577,0.6398890591918127,False
074,1096,374.0,368.9489033868895,63.05980735211993,0.34124087591240876,0.33663221111942476,0.46086647929839963,0.6360765070741116,False
410,1163,477.0,472.10214585061976,61.547263877769666,0.410146173688736,0.4059347771716421,0.42113965170939016,0.6243116985044239,False
856,708,256.0,252.30591997807076,39.36403977003009,0.3615819209039548,0.35636429375433726,0.5217627149617543,0.5887846349413357,False
156,600,272.0,268.59472829530677,33.541282414422895,0.4533333333333333,0.4476578804921779,0.5675452841155393,0.5879791662243451,False
483,2026,720.0,713.6338299217673,119.7809509595386,0.35538005923000987,0.3522378232585229,0.3142235971486995,0.581680304095415,False
721,666,322.0,318.62150671210264,34.491814732930955,0.48348348348348347,0.4784106707388929,0.5072812744590594,0.5752611406748299,False
907,1693,626.0,620.6832185944851,92.34681699802823,0.36975782634376847,0.36661737660631133,0.31404497374571405,0.5532709141813235,False
458,656,297.0,293.81685548750045,34.96624118455885,0.4527439024390244,0.44789154799923847,0.4852354439785933,0.5383092980368956,False
604,3477,1414.0,1407.0886577401018,187.08838195344637,0.40667241875179755,0.4046846872994253,0.19877314523722434,0.505288007613046,False
371,1281,545.0,540.8777090247112,67.66626890799796,0.42544886807181886,0.4222308423299853,0.32180257418335523,0.5011324531493914,False
794,592,259.0,256.31385910446545,29.042128148342385,0.4375,0.43296259983862406,0.45374001613759374,0.49844193138266774,False
756,566,278.0,275.2970785483802,30.000066015451665,0.4911660777385159,0.4863905981420145,0.4775479596501375,0.49348314044734454,False
189,614,220.0,217.18140404981034,35.81404441673076,0.3583061889250814,0.3537156417749354,0.4590547150146007,0.47098398467743025,False
959,965,352.0,348.5406114656338,59.00276080727852,0.36476683937823834,0.3611819807934029,0.35848585848354264,0.45036348906518037,False
443,502,225.0,222.6642217920454,27.07905649947843,0.448207171314741,0.44355422667738126,0.4652944637359768,0.4488640648945408,False
919,1702,613.0,608.7124454470461,94.3994179705348,0.3601645123384254,0.3576453851040224,0.2519127234403007,0.4412909291963216,False
403,555,237.0,234.5869249765,30.352154987523193,0.42702702702702705,0.4226791441018018,0.4347882925225255,0.4380019650420278,False
481,3398,1281.0,1274.9697045150237,189.56835360286078,0.37698646262507357,0.3752118023881765,0.17746602368970965,0.43798140658144624,False
305,1373,571.0,567.2371270622529,76.11084169240698,0.415877640203933,0.41313701898197586,0.2740621221957118,0.4313167173404682,False
757,635,315.0,312.5130077513499,33.44398253419013,0.49606299212598426,0.4921464688997636,0.39165232262206584,0.4300465200625553,False
109,1433,518.0,514.2632036397073,79.05104767399516,0.3614794138171668,0.3588717401533198,0.260767366384701,0.4202866702797788,False
346,1684,697.0,692.7244287464576,103.78072235514878,0.413895486935867,0.4113565491368513,0.25389377990156503,0.4196969410204406,False
068,1036,347.0,343.8583057278204,62.941295475604775,0.33494208494208494,0.3319095615133401,0.30325234287448266,0.3960008166279884,False
939,783,272.0,269.5676944080509,42.64406627205288,0.34738186462324394,0.3442754717855056,0.31063928377383365,0.3724678855053561,False
144,703,269.0,266.7860673989724,38.36893971962829,0.38264580369843526,0.37949653968559377,0.31492640128414906,0.3574164166510568,False
450,1163,443.0,440.1741224631714,67.09056677181391,0.38091143594153054,0.37848161862697455,0.24298173145559931,0.345002789709784,False
277,596,237.0,235.03152538015007,35.28658219995127,0.3976510067114094,0.39434819694656054,0.33028097648488686,0.33137902972162236,False
380,969,439.0,436.77906338136285,48.17607451928674,0.45304437564499483,0.45075238739046736,0.22919882545274772,0.3199782506939694,False
334,3575,1415.0,1410.4490281204328,204.38216621424039,0.3958041958041958,0.3945311966770441,0.1272999127151675,0.31833372637561874,False
206,1146,427.0,424.60482006797645,60.26590408300573,0.3726003490401396,0.37051031419544195,0.20900348446976635,0.3085334861021845,False
363,507,249.0,247.40767725820555,26.895838893786262,0.4911242603550296,0.48798358433571115,0.31406760193184446,0.30703547043098284,False
141,501,168.0,166.50209662028936,25.832539348747368,0.33532934131736525,0.3323395142121544,0.29898271052108405,0.294713649806892,False
488,1008,399.0,396.89399231696757,58.425788656167974,0.3958333333333333,0.39374403999699165,0.20892933363416688,0.27552287372731854,False
442,1125,432.0,429.89747030596243,60.14860060062041,0.384,0.38213108471641105,0.18689152835889566,0.2710999105240902,False
705,1166,548.0,546.0308343561491,65.0296907630476,0.4699828473413379,0.46829402603443315,0.1688821306904731,0.24418917388065942,False
494,783,326.0,324.44690635356045,44.26152897533504,0.4163473818646232,0.41436386507478984,0.1983516789833384,0.2334449249908391,False
301,3291,1364.0,1360.9506336778381,183.5205357717441,0.41446368884837437,0.4135371114183647,0.09265774300096785,0.22509573450336506,False
731,1190,537.0,535.2853103765354,67.55604738544375,0.4512605042016807,0.44981958855171045,0.14409156499702314,0.2086187812271757,False
932,1314,564.0,562.2768075597271,68.32719935583376,0.4292237442922374,0.4279123345203403,0.1311409771897143,0.20846683397170554,False
453,814,359.0,357.85483084472276,40.059924417066625,0.44103194103194104,0.4396250993178412,0.14068417140998268,0.18093166475653277,False
064,1925,674.0,672.1547720224905,114.24410395365025,0.3501298701298701,0.3491713101415535,0.09585599883166207,0.17263670285298446,False
880,513,226.0,225.09934962724523,29.258229022268445,0.4405458089668616,0.4387901552188016,0.1755653748059971,0.16650689244666808,False
233,627,283.0,282.0581318408394,33.9218271345824,0.4513556618819777,0.44985347980995116,0.15021820720265144,0.16171507147147746,False
386,797,369.0,368.02492676303206,38.02764977044073,0.4629861982434128,0.46176276883692857,0.12234294064842333,0.15812025050192094,False
071,994,459.0,457.9758089597678,47.75033973069254,0.46177062374245476,0.460740250462543,0.10303732799117338,0.14821519827776636,False
782,3378,1691.0,1689.1747316599362,176.3422713301901,0.5005920663114268,0.500051726364694,0.05403399467328596,0.1374511904951745,False
019,1099,394.0,393.0944128512182,65.55240843263155,0.35850773430391264,0.35768372415943417,0.08240101444784709,0.11184998354168017,False
029,1021,410.0,409.1916862924397,56.020910782491754,0.4015670910871694,0.4007754028329478,0.07916882542216008,0.10799530145900746,False
928,3043,1130.0,1128.6385501025338,176.40095531894218,0.3713440683535984,0.3708966645095412,0.04474038440572259,0.10250645091219707,False
280,1553,592.0,591.0802493268188,87.22446327385441,0.3811976819059884,0.38060544064830576,0.059224125768264635,0.098480662494434,False
328,2555,1168.0,1166.8603013019974,149.41966519577682,0.45714285714285713,0.4566967911162417,0.04460660266154548,0.09323654518292632,False
973,1207,474.0,473.52005693735896,68.2127618765146,0.39270919635459817,0.3923115633283836,0.03976330262145944,0.058110806308852445,False
930,1698,601.0,600.4406201628867,92.75646686823221,0.3539458186101296,0.35361638407708285,0.03294345330467352,0.05808108346211303,False
985,902,353.0,352.61967037641045,47.84426151923002,0.39135254988913526,0.39093089842174106,0.04216514673942018,0.05498512615381131,False
197,780,327.0,326.67977013531055,41.741898237178276,0.41923076923076924,0.418820218122193,0.04105511085762403,0.04956507119802687,False
703,599,269.0,268.7371825511444,31.562205244057942,0.44908180300500833,0.44864304265633453,0.043876034867379454,0.04678111034140127,False
077,1432,476.0,475.69297203475503,78.52991561386885,0.3324022346368715,0.3321878296332088,0.021440500366270987,0.03464657981182267,False
284,874,385.0,384.79512914467966,45.404994431367,0.4405034324942792,0.4402690264813268,0.023440601295238173,0.03040383501683148,False
989,531,206.0,206.03585569742063,29.97390239789897,0.3879472693032015,0.388014794157101,-0.006752485389949214,-0.006549174012866974,False
337,1796,735.0,735.2152845278223,100.4054129896638,0.40924276169265034,0.40936263058342,-0.011986889076964768,-0.021484945453870738,False
451,630,261.0,261.12076010941627,31.536048001478655,0.4142857142857143,0.41447739699907343,-0.019168271335912035,-0.021504030327075044,False
146,1140,479.0,479.1740562867611,64.17012080653782,0.4201754385964912,0.42032811954979044,-0.015268095329923348,-0.021728176768408648,False
322,2208,983.0,983.3945615817423,121.58594043665735,0.44519927536231885,0.4453779717308616,-0.017869636854273008,-0.035782700777926765,False
707,860,356.0,356.23814022076186,43.69626776177245,0.413953488372093,0.41423039560553704,-0.02769072334440348,-0.03602554667955949,False
797,821,350.0,350.248786050049,44.65946438335183,0.42630937880633374,0.42661240688191104,-0.030302807557730516,-0.037227962677771474,False
657,514,230.0,230.26805738453876,24.44847430173354,0.4474708171206226,0.4479923295419042,-0.052151242128162245,-0.05421280701864787,False
140,1004,347.0,347.7416241434883,60.24350134520198,0.3456175298804781,0.3463561993461039,-0.07386694656257853,-0.09554957446408417,False
038,755,279.0,279.6717232448538,46.81013424748876,0.3695364238410596,0.37042612350311765,-0.08896996620580411,-0.09817941361521504,False
347,1977,838.0,839.1904031896803,117.11495171040653,0.4238745574102175,0.4244766834545677,-0.06021260443501708,-0.10999879054856504,False
917,4540,1639.0,1640.7991517370722,257.86806975902834,0.36101321585903084,0.36140950478790135,-0.03962889288705029,-0.11203894424402644,False
727,1021,431.0,432.10873720325674,57.8004932258187,0.42213516160626835,0.42322109422454135,-0.1085932618273,-0.14583536339887015,False
352,1068,517.0,518.1991160569685,51.617461368270696,0.48408239700374533,0.48520516484734877,-0.11227678436034338,-0.1669025214693727,False
338,1518,675.0,676.5451092126913,82.74699561004323,0.44466403162055335,0.4456818901269376,-0.10178585063842505,-0.16985684962261186,False
130,1039,385.0,386.34522463516146,56.58094471260859,0.37054860442733395,0.3718433345862959,-0.12947301589619764,-0.17883796309193997,False
920,2984,1041.0,1043.375796375957,169.02148963468173,0.3488605898123324,0.3496567682225057,-0.0796178410173265,-0.18274194923663167,False
775,2551,1079.0,1081.671188668928,138.45045011165888,0.4229713837710702,0.4240184981062046,-0.10471143351344359,-0.22701647599770966,False
297,816,364.0,365.6410694533391,45.619767945937475,0.44607843137254904,0.4480895458986999,-0.20111145261508812,-0.24296875355995032,False
078,990,322.0,323.8361463304143,55.46174163140735,0.32525252525252524,0.32710721851557,-0.1854693263044771,-0.2465531397008334,False
142,1375,574.0,576.2308826977078,77.472915609035,0.41745454545454547,0.41907700559833294,-0.16224601437874742,-0.2534555379815067,False
145,713,264.0,265.569784250057,37.32867527247408,0.3702664796633941,0.3724681406031655,-0.22016609397714215,-0.2569322845345572,False
559,520,175.0,176.4816347783073,30.480927225763416,0.33653846153846156,0.3393877591890525,-0.2849297650590943,-0.26836574265066276,False
741,781,335.0,336.8192435783316,43.884528305030116,0.42893725992317544,0.4312666371041378,-0.23293771809623776,-0.27462187832668783,False
492,580,247.0,248.51980133639069,29.9247046072565,0.42586206896551726,0.4284824160972253,-0.2620347131708056,-0.27782536015514303,False
601,3166,1135.0,1139.1182882661815,182.27628934723884,0.35849652558433354,0.3597973115180611,-0.13007859337275662,-0.30503639031134167,False
229,524,207.0,208.76056397308804,28.542039946175358,0.3950381679389313,0.3983980228494047,-0.3359854910473359,-0.3295408865331067,False
341,699,279.0,281.4429628772151,47.46624248448825,0.39914163090128757,0.4026365706397927,-0.34949397385051206,-0.3545883320808784,False
452,1544,670.0,673.2952526262778,84.45841080079656,0.4339378238341969,0.4360720548097654,-0.21342309755685296,-0.35856447731764934,False
480,2672,1016.0,1020.700071621649,145.72019320052632,0.38023952095808383,0.38199852979852134,-0.17590088404375037,-0.38935396952955204,False
151,837,354.0,356.8480342466981,48.76238325386887,0.4229390681003584,0.4263417374512522,-0.34026693508937833,-0.40785214008064713,False
323,847,400.0,402.84465274471194,46.521232261121696,0.4722550177095632,0.4756135215403919,-0.33585038308286963,-0.4170649115775775,False
300,6131,2498.0,2505.808009022245,341.81888272113974,0.40743761213505136,0.4087111415792277,-0.12735294441763578,-0.4223206149157417,False
640,1441,548.0,551.6727867477156,72.93628327535016,0.3802914642609299,0.3828402406299206,-0.25487763689907017,-0.43005489813613357,False
063,748,276.0,278.81894487398694,39.36955048147212,0.3689839572192513,0.37275260009891303,-0.3768642879661721,-0.44926889879270315,False
446,789,345.0,348.51419893702524,47.411706964904,0.4372623574144487,0.4417163484626429,-0.4453991048194217,-0.5103681303529086,False
076,1443,478.0,482.7256238933041,84.79434907173724,0.33125433125433124,0.3345291918872516,-0.32748606329203733,-0.5131870614901411,False
217,1241,439.0,443.33803702827174,71.22864048240064,0.35374697824335216,0.35724257617104893,-0.34955979276967697,-0.5140033235027338,False
073,869,353.0,356.77879667302074,52.48428070231962,0.4062140391254315,0.4105624817871355,-0.43484426617039773,-0.5216015815271927,False
194,1018,363.0,367.1362045769677,60.645673010266435,0.3565815324165029,0.36064460174554785,-0.40630693290449327,-0.5311315511630407,False
325,1500,687.0,692.2311641327008,84.53030650289185,0.458,0.46148744275513387,-0.34874427551338516,-0.5689736116597395,False
335,1974,780.0,785.984848092347,108.43654677884317,0.3951367781155015,0.398168616054887,-0.30318379393854955,-0.574731885795327,False
379,691,300.0,303.91521902755056,38.82631479761279,0.4341534008683068,0.4398194197214914,-0.5666018853184629,-0.6283374959245341,False
240,718,305.0,309.1040839206884,41.467875832373124,0.42479108635097496,0.4305070806694825,-0.5715994318507556,-0.6373240950183626,False
971,675,226.0,230.25418355798513,42.90005920134796,0.3348148148148148,0.3411173089747928,-0.6302494159978023,-0.649512149181657,False
274,695,289.0,293.1429001233665,40.36651791903738,0.4158273381294964,0.4217883455012467,-0.5961007371750315,-0.652069398695448,False
065,769,291.0,295.3401906461295,40.32908730404071,0.3784135240572172,0.3840574650794922,-0.5643941022275001,-0.6834387670747861,False
711,609,295.0,298.6769025852564,28.5352519469711,0.48440065681444994,0.49043826368679216,-0.6037606872342227,-0.6883213939871534,False
600,2912,1037.0,1045.8393589817904,161.88644685601403,0.3561126373626374,0.35914813151847197,-0.3035494155834595,-0.6947291570808594,False
773,3047,1217.0,1226.403793378046,166.53643171624026,0.39940925500492286,0.402495501600934,-0.3086246596011144,-0.7286994649428606,False
532,1357,644.0,650.6191653033486,67.53916713708202,0.4745762711864407,0.4794540643355554,-0.4877793149114684,-0.805425502361497,False
809,1400,584.0,591.2305595274335,80.22613192399697,0.41714285714285715,0.42230754251959535,-0.5164685376738198,-0.8072610142543858,False
605,2193,739.0,748.0545468232377,120.77300292282672,0.3369813041495668,0.34111014447024063,-0.41288403206738433,-0.8239138179245431,False
633,1106,450.0,456.7676684375618,59.61005808705354,0.40687160940325495,0.41299065862347356,-0.6119049220218609,-0.8765552617024226,False
020,797,251.0,257.2823285379792,47.46397289040937,0.31493099121706397,0.3228134611517932,-0.7882469934729242,-0.911881911004461,False
209,741,285.0,291.0724001142654,44.32562917722133,0.38461538461538464,0.3928102565644607,-0.8194871949076088,-0.9120799845883322,False
356,572,277.0,281.6358036718466,25.724814099561094,0.48426573426573427,0.49237028613959194,-0.8104551873857668,-0.9140057178899742,False
111,828,257.0,263.85549306742973,55.631992832302714,0.3103864734299517,0.318666054429263,-0.8279580999311309,-0.9191288270841621,False
112,6734,2632.0,2650.5507713993825,397.64778280478276,0.3908523908523909,0.39360718315999144,-0.2754792307600562,-0.9302778725639337,False
342,1640,638.0,647.750220795717,101.50698336264787,0.38902439024390245,0.39496964682665675,-0.5945256582754299,-0.9677573753800608,False
970,1666,575.0,585.0719477372787,103.7447236464079,0.34513805522208885,0.35118364209920694,-0.6045586877118092,-0.9888500833917205,False
908,1299,467.0,475.53595761602963,70.33524952161233,0.3595073133179369,0.3660784893118011,-0.6571175993864198,-1.0178077038435533,False
641,1319,548.0,556.6892539075197,72.6848582743246,0.41546626231993933,0.42205402115808927,-0.6587758838149937,-1.0192025788913925,False
327,2514,1007.0,1019.3810310719379,144.86518172141098,0.4005568814638027,0.40548171482575096,-0.49248333619482665,-1.0286669952972174,False
984,930,415.0,422.73136586833766,55.7868800838343,0.44623655913978494,0.4545498557724061,-0.8313296632621148,-1.035118781804328,False
336,1877,803.0,813.7376684592497,107.11261432415543,0.4278103356419819,0.4335309901221362,-0.5720654480154297,-1.0375037633036774,False
431,1035,415.0,422.9797828031478,57.735503762460105,0.40096618357487923,0.4086761186503844,-0.7709935075505159,-1.0501941407649227,False
857,1636,628.0,637.9491627376867,89.02209511281296,0.38386308068459657,0.389944476001031,-0.6081395316434424,-1.0544782568764581,False
549,677,272.0,278.66441882934475,39.752385470006104,0.4017725258493353,0.41161657138751073,-0.9844045538175417,-1.0570138679110412,False
551,1598,500.0,510.3554393338367,93.80276792934566,0.31289111389236546,0.31937136378838343,-0.6480249896017976,-1.0692043128120248,False
992,621,243.0,249.50864068623227,36.15983292703456,0.391304347826087,0.4017852507024674,-1.0480902876380427,-1.0823733462487066,False
150,968,369.0,377.2394153367557,55.6823941298165,0.381198347107438,0.3897101398106981,-0.8511792703260079,-1.1041738193943857,False
441,2484,1126.0,1138.5101161546131,120.88324520060242,0.4533011272141707,0.45833740585934507,-0.5036278645174364,-1.137832375431131,False
871,1454,589.0,599.1088889462892,77.69667851141696,0.4050894085281981,0.4120418768543942,-0.6952468326196115,-1.1468383278744905,False
740,1243,461.0,470.76236143320466,71.2956033884833,0.37087691069991957,0.37873078152309303,-0.7853870823173459,-1.1561748235974585,False
402,1331,573.0,582.611135719872,68.03354022369166,0.43050338091660406,0.43772436943641774,-0.7220988519813676,-1.1652340707893687,False
225,584,212.0,218.6672131906007,32.644743114455174,0.363013698630137,0.3744301595729464,-1.1416460942809403,-1.1669109485062792,False
210,1827,677.0,688.6938526997026,99.06914364973474,0.3705528188286809,0.3769533950189943,-0.6400576190313367,-1.1748662130943648,False
281,1217,479.0,488.6896176854106,67.46388639974585,0.3935907970419063,0.4015526850332051,-0.7961887991298822,-1.1796983277830517,False
463,1382,522.0,532.0431859827964,70.1140042230069,0.37771345875542695,0.3849805976720669,-0.7267138916639937,-1.1994140170197705,False
708,711,338.0,345.5721212759167,37.702211085909056,0.47538677918424754,0.48603673878469295,-1.0649959600445402,-1.2332018022493685,False
440,1645,669.0,680.717379200659,86.44877598913067,0.4066869300911854,0.41380995696088696,-0.7123026869701565,-1.260233617808944,False
993,629,230.0,237.55832692367738,35.74162704917763,0.3656597774244833,0.37767619542715003,-1.2016418002666729,-1.2642661593454574,False
982,1806,636.0,649.4229218822968,110.59004832490822,0.3521594684385382,0.35959187258155967,-0.7432404143021487,-1.2764065930645527,False
986,1215,392.0,402.8800380829855,69.99357708195114,0.3226337448559671,0.3315885087102761,-0.8954763854309045,-1.3004729431914364,False
372,778,321.0,329.9775046242343,47.34017502091798,0.41259640102827766,0.42413561005685646,-1.15392090285788,-1.3047902653060635,False
017,699,207.0,215.50512412815272,41.36494209018802,0.296137339055794,0.30830489860966054,-1.2167559553866558,-1.322404888404318,False
730,1264,535.0,546.3226659966678,71.36078703134729,0.42325949367088606,0.43221729904799666,-0.8957805377110606,-1.3403520435169478,False
761,2309,966.0,981.6525639087223,122.79024879524924,0.4183629276743179,0.42514186397086284,-0.6778936296544968,-1.4125490780027672,False
468,530,232.0,239.55964010489933,27.68992371633793,0.4377358490566038,0.4519993209526402,-1.426347189603644,-1.436614484013303,False
495,700,298.0,307.3429326482829,42.07477172942068,0.4257142857142857,0.43906133235468986,-1.3347046640404148,-1.4403642509181849,False
028,1858,658.0,673.0152014398504,99.2351473331691,0.35414424111948334,0.3622256197200487,-0.8081378600565348,-1.507295503357098,False
786,2454,963.0,981.3173176126625,144.4138199600917,0.3924205378973105,0.39988480750312244,-0.7464269605811924,-1.5242545425921088,False
806,703,254.0,263.8412180661677,41.31099091940931,0.3613086770981508,0.37530756481673927,-1.3998887718588482,-1.531144042766197,False
890,2220,787.0,805.0811593848277,133.5076674212156,0.3545045045045045,0.36264917089406656,-0.8144666389562072,-1.564851643708405,False
060,1779,592.0,607.689457188183,99.78352943139677,0.33277121978639684,0.3415904762159545,-0.8819256429557665,-1.5706466336613194,False
531,1223,452.0,464.70547561492003,65.08743917410916,0.3695829926410466,0.3799717707399183,-1.0388778098871676,-1.5748613857312215,False
672,734,316.0,325.78015287217346,38.22770437764255,0.4305177111716621,0.4438421701255769,-1.332445895391482,-1.5818180750224644,False
701,878,401.0,411.920220388353,45.55728499068556,0.45671981776765375,0.46915742641042485,-1.2437608642771103,-1.6179030218221164,False
462,1873,819.0,835.6822496576399,100.50392143395868,0.43726641751201284,0.44617311780973834,-0.89067002977255,-1.6640375136517351,False
231,849,310.0,321.49489258343647,47.387878515736844,0.3651354534746761,0.37867478513950115,-1.3539331664825072,-1.669826250329891,False
021,3117,1101.0,1124.692920389086,196.70613391038987,0.3532242540904716,0.36082544767054414,-0.7601193580072552,-1.6893111313585822,False
152,1489,591.0,607.1794931638661,84.69510903809172,0.39691067830758897,0.4077766911778819,-1.086601287029293,-1.7580683159659942,False
405,579,226.0,236.60102839150423,34.463049739628204,0.3903281519861831,0.40863735473489504,-1.830920274871195,-1.8058062184012302,False
465,766,313.0,324.769275155539,41.67854195364714,0.4086161879895561,0.4239807769654556,-1.5364588975899485,-1.8230284976421054,False
070,4982,1755.0,1786.5608708651355,287.28750460259675,0.35226816539542355,0.35860314549681566,-0.6334980101392107,-1.862046875375819,False
232,1266,538.0,553.5506751849555,69.5841588878406,0.42496050552922593,0.43724381926141825,-1.2283313732192325,-1.8642066769567525,False
461,1133,440.0,454.7745072721779,61.82572061981866,0.3883495145631068,0.4013896798518781,-1.3040165288771333,-1.8790070631410998,False
085,606,184.0,195.57307920415352,36.28106605450465,0.30363036303630364,0.3227278534722005,-1.909749043589687,-1.9213607102200507,False
193,691,229.0,241.789289720286,43.964605975895836,0.3314037626628075,0.34991214141864835,-1.8508378755840826,-1.9288339122495384,False
681,675,293.0,305.28032138273346,39.37483026148722,0.43407407407407406,0.45226714278923474,-1.8193068715160687,-1.9570430780293435,False
088,2438,800.0,823.8640830801036,144.9172757714806,0.3281378178835111,0.3379262030681311,-0.9788385184619997,-1.982369794132919,False
211,1310,468.0,485.25648549940547,74.01252864290485,0.35725190839694654,0.3704247980911492,-1.317288969420266,-2.0058558978048717,False
530,997,353.0,368.4309299407756,58.875958446217204,0.354062186559679,0.36953954858653526,-1.5477362026856234,-2.01105109282809,False
054,541,183.0,194.72143583530976,32.054423378233,0.33826247689463956,0.35992871688597,-2.166623999133044,-2.070316913374858,False
956,3057,1031.0,1058.527481475834,174.93887225380936,0.33725875040889763,0.34626348756160746,-0.900473715270983,-2.0812455286000233,False
841,1080,432.0,449.00078798136826,63.350044183769654,0.4,0.41574147035311876,-1.5741470353118736,-2.1359721715580324,False
535,867,345.0,359.1923258188382,43.537048002865404,0.39792387543252594,0.41429334004479607,-1.6369464612270124,-2.1509191368605967,False
983,1531,580.0,600.391691120021,86.63686979549075,0.37883736120182887,0.3921565585369177,-1.331919733508885,-2.190795638837059,False
894,845,296.0,311.94193932951134,52.6253454467408,0.3502958579881657,0.36916205837811994,-1.8866200389954235,-2.1975748296107027,False
370,1892,831.0,853.2974545193807,101.91355106218931,0.4392177589852008,0.4510028829383619,-1.1785123953161059,-2.2087131639428015,False
631,1555,677.0,698.1548165272203,83.98680947531881,0.43536977491961415,0.44897415853840533,-1.3604383618791183,-2.3083609635907667,False
774,2811,1056.0,1085.3391639262134,160.49628930953057,0.37566702241195304,0.3861042916848856,-1.0437269272932537,-2.3158756461609062,False
957,1039,294.0,311.4941721343935,56.173154829605,0.2829643888354187,0.2998018981081747,-1.6837509272756013,-2.3341512139192564,False
958,2259,817.0,843.3353170389854,125.31470488594834,0.3616644532979194,0.3733224068344336,-1.1657953536514165,-2.3525427990824066,False
949,848,224.0,241.22688471876648,49.90312170974855,0.2641509433962264,0.2844656659419416,-2.0314722545715203,-2.4386130327620346,False
891,4880,1749.0,1789.6761396170707,272.00479763900455,0.3584016393442623,0.36673691385595714,-0.8335274511694857,-2.466331485574397,False
840,2419,838.0,867.9212906056536,139.7669653316102,0.34642414220752377,0.35879342315239915,-1.2369280944875383,-2.530917882111533,False
550,1448,468.0,491.9165566790612,79.25931587461119,0.32320441988950277,0.3397213789220036,-1.6516959032500833,-2.6864174124319993,False
282,2106,831.0,861.2936172948151,121.69384552644979,0.3945868945868946,0.40897132825014965,-1.4384433663255036,-2.746103028326007,False
220,1029,319.0,341.5259532218491,67.15699905408931,0.3100097181729835,0.33190082917575225,-2.189111100276875,-2.748764525167326,False
303,2410,1033.0,1065.5557804216583,139.2740369118618,0.42863070539419085,0.4421393279757918,-1.350862258160096,-2.758627292927753,False
853,3267,1196.0,1233.596198940645,181.98046587485646,0.36608509335782063,0.3775929595777916,-1.1507866219970964,-2.7869652443827873,False
660,1084,373.0,396.02036731673775,64.99301277846592,0.3440959409594096,0.3653324421741123,-2.1236501214702717,-2.8554786302621875,False
432,1762,732.0,760.6401732093998,100.0789454506411,0.41543700340522133,0.4316913582346196,-1.6254354829398299,-2.862887484171805,False
460,1027,341.0,362.91678118219016,56.69005466817784,0.3320350535540409,0.3533756389310518,-2.134058537701089,-2.9108735090855427,False
950,1701,512.0,541.7261393848244,102.99956203674114,0.3009994121105232,0.31847509664010837,-1.7475684529585145,-2.9290097734506237,False
762,1318,412.0,437.7312356017286,73.79825696512914,0.3125948406676783,0.3321177811849231,-1.9522940517244791,-2.995281120659459,False
221,1173,378.0,402.6457179869859,63.998321756214104,0.32225063938618925,0.34326148165983456,-2.10108422736453,-3.080755141280009,True
851,1117,411.0,436.68929098185265,67.69747555336741,0.36794986571172783,0.3909483357044339,-2.299846999270605,-3.1222371074347306,True
951,2488,812.0,851.0049380710841,155.27381772469175,0.32636655948553056,0.3420437853983457,-1.5677225912815118,-3.1301883959822487,True
760,3270,1283.0,1325.169342763591,173.03301270999106,0.39235474006116206,0.4052505635362664,-1.2895823475104318,-3.205769905443964,True
752,2538,1028.0,1067.767898172733,144.67158056453536,0.40504334121355395,0.42071233182534795,-1.5668990611793998,-3.3062906197994035,True
895,800,255.0,277.1417066352817,44.590624034016,0.31875,0.34642713329410213,-2.767713329410215,-3.3158075585321516,True
223,972,289.0,315.07774174474787,61.31284528062615,0.29732510288065844,0.3241540552929505,-2.682895241229205,-3.330383489482501,True
921,3811,1307.0,1359.3435200083593,235.42880718397907,0.34295460509052744,0.3566894568376697,-1.3734851747142285,-3.4114037592081834,True
662,909,271.0,296.4765994124094,54.68450066000216,0.29812981298129815,0.3261568750411545,-2.8027062059856336,-3.44515949861555,True
275,2470,901.0,942.678987711717,135.0411207189253,0.36477732793522266,0.38165141202903524,-1.687408409381258,-3.5866099222821872,True
208,1569,506.0,540.7632743312205,93.76023023709591,0.32249840662842577,0.3446547318873298,-2.2156325258904044,-3.5901396573028785,True
024,555,151.0,172.43355056046488,33.90606851598267,0.27207207207207207,0.3106910820909277,-3.861901001885565,-3.6809117226645927,True
430,1941,680.0,717.3171521246576,102.31057859055252,0.35033487892838744,0.3695606141806582,-1.9225735252270781,-3.6893361099647435,True
980,2765,888.0,937.8824786737631,175.24389733391448,0.32115732368896927,0.33919800313698484,-1.8040679448015573,-3.7681360433159314,True
606,6058,2322.0,2393.6043897290742,345.9228090705499,0.38329481677121163,0.3951146235934424,-1.1819806822230772,-3.8499053117797377,True
805,1227,376.0,410.8138295286809,75.30379788210753,0.306438467807661,0.3348115970078899,-2.837312920022894,-4.011837729436102,True
800,2399,767.0,815.9663087685801,145.57469215813742,0.3197165485619008,0.3401276818543477,-2.0411133292446926,-4.058396049840639,True
850,3073,1187.0,1242.2212674233785,177.0083316586053,0.38626749105109015,0.404237314488571,-1.7969823437480825,-4.150586945942871,True
222,528,131.0,155.45297029574755,33.757375892679605,0.2481060606060606,0.2944185043480067,-4.63124437419461,-4.208693318338485,True
276,1219,430.0,468.3673325151985,77.62073270347844,0.3527481542247744,0.3842225861486452,-3.1474431923870783,-4.35484535110387,True
945,6604,2107.0,2194.7314237537876,400.5424733685942,0.31904906117504545,0.33233364987186365,-1.32845886968182,-4.383599712186438,True
972,1712,544.0,590.0502527138776,108.21371364901027,0.3177570093457944,0.344655521445022,-2.689851209922761,-4.426809845840413,True
926,3429,1053.0,1117.5855451508326,211.29666123561205,0.30708661417322836,0.3259217104551859,-1.8835096281957564,-4.443129918792911,True
981,1717,552.0,599.5087597062134,113.48172518386733,0.3214909726266744,0.34916060553652495,-2.7669632909850526,-4.4597521945354375,True
940,2046,609.0,660.4678967461052,132.77959057810983,0.29765395894428154,0.32280933369799863,-2.5155374753717097,-4.46653517414563,True
946,1067,335.0,372.85852906050894,70.71168855200753,0.3139643861293346,0.34944566922259507,-3.5481283093260485,-4.502131045325975,True
553,2231,636.0,688.8049952869917,133.9262412543804,0.2850739578664276,0.3087427141582213,-2.366875629179371,-4.562912788205919,True
554,2316,752.0,814.0053707225399,146.8646210967874,0.32469775474956825,0.3514703673240673,-2.6772612574499033,-5.1164733202927435,True
201,2434,657.0,725.5069714792772,144.09529622401195,0.26992604765817585,0.2980718863924722,-2.8145838734296325,-5.707026206262511,True
787,2183,762.0,838.2025183541255,143.82205144008287,0.34906092533211175,0.38396817148608586,-3.4907246153974114,-6.354137151355196,True
852,3852,1281.0,1385.9501642593184,230.00288851264514,0.3325545171339564,0.35980014648476594,-2.724562935080954,-6.9201654450478545,True
100,4616,1437.0,1559.208387497551,305.93169847556936,0.31130849220103984,0.33778344616498074,-2.6474953963940893,-6.986968331846413,True
802,2873,927.0,1021.7580630676044,183.11040798667293,0.3226592412112774,0.35564151168381636,-3.298227047253893,-7.002605485789098,True
750,6529,2174.0,2312.331275076596,377.32287902196305,0.3329759534385051,0.35416316052635866,-2.1187207087853546,-7.121374257678448,True
200,1615,567.0,638.7989468244898,92.28174225231841,0.3510835913312694,0.39554114354457576,-4.445755221330638,-7.474121977459983,True
801,1817,474.0,564.3881644550529,123.44897529532024,0.2608695652173913,0.31061539045407427,-4.974582523668297,-8.135192284304225,True
941,2386,642.0,765.7308343159311,163.47417185910135,0.26906957250628666,0.32092658605026453,-5.1857013543977875,-9.677281368207781,True
